source,gender,count,percentage
GeoBeer events,female,465,28.388278388278387
GeoBeer events,male,1173,71.6117216117216
#SwissGIS Twitter list,female,49,18.560606060606062
#SwissGIS Twitter list,male,215,81.43939393939394
User survey 2019 of reddit.com/r/gis,female,6341,17
User survey 2019 of reddit.com/r/gis,male,30959,83
American Association of Geographers (AAG) members 2018,female,1870,38
American Association of Geographers (AAG) members 2018,male,3051,62
Geowebforum authors,female,32,16.08040201005025
Geowebforum authors,male,167,83.91959798994975
"Geowebforum authors, weighted by number of posts written",female,215,10.184746565608718
"Geowebforum authors, weighted by number of posts written",male,1896,89.81525343439128
